label,review
1,很快，好吃，味道足，量大
1,没有送水没有送水没有送水
1,非常快，态度好。
1,方便，快捷，味道可口，快递给力
1,菜味道很棒！送餐很及时！
1,今天师傅是不是手抖了，微辣格外辣！
1,"送餐快,态度也特别好,辛苦啦谢谢"
1,超级快就送到了，这么冷的天气骑士们辛苦了。谢谢你们。麻辣香锅依然很好吃。
1,经过上次晚了2小时，这次超级快，20分钟就送到了……
1,最后五分钟订的，卖家特别好接单了，谢谢。
1,量大，好吃，每次点的都够吃两次
1,挺辣的，吃着还可以吧
1,味道好，送餐快，分量足
1,量足，好吃，送餐也快
1,特别好吃，量特大，而且送餐特别快，特别特别棒
1,口感好的很，速度快！
1,相当好吃的香锅，分量够足，味道也没的说。
1,好吃！速度！包装也有品质，不出家门就能吃到餐厅的味道！
1,味道好极啦，送餐很快师傅辛苦啦
1,量大味道好，送餐师傅都很好
1,送餐师傅很好，味道好极啦
1,送货速度很快，一直定这家，赞
1,很方便，很快就送到了。棒
1,好吃，总点，这么多够五个人吃。送的很快。
1,"很香很美味,下次还会光顾"
1,"送餐特别快,态度也好,辛苦啦"
1,服务很不错，送到的很快，半小时不到就送来了
1,速度很快，大雾霾天外卖骑士态度都很好，赞赞赞！
1,味道正宗，量大内容多
1,"送餐非常快,态度特别好,谢谢"
1,又快又好，量足，经常吃
1,好大一盆点了7个小份量足
1,配送人员态度好，速度快！
1,"在这种天气里感谢送餐员的辛苦服务,谢谢啦"
1,"送餐特别快,态度好,非常感谢"
1,送的非常快，包装好！谢谢师傅！
1,附近最好吃的麻辣香锅，不开玩笑的
1,味道不错，份量很足，建议都点小份。红薯超好吃就是太烂了容易碎
1,还不错，就是稍微咸了点
1,这么晚辛苦外卖小哥了
1,超级快就送到了，谢谢骑士很快，感谢骑士这种天气还在工作！
1,非常好吃，味道也很香，推荐！
1,"很好吃,速递快,下次继续选择"
1,很快，特别好
1,太麻了，青笋有点小，米饭给的也不多，土豆片都碎了，找不到了
1,点了太多次了，味道很香
1,"态度很好,地址填错了还是给我跑了一趟,没有表现出不愿意的样子,为了这个快递员,我写了评论"
1,快递小哥很快就送到了！赞！水煮牛肉肉质鲜嫩，辣的恰到好处，也很入味。不错，挺好吃的！
1,"口味,不错，干净味道好，送货员服务非常好！"
1,"送餐特别快,态度好,辛苦啦,谢谢"
1,"送餐快,送餐大哥态度好,辛苦啦"
1,"送餐很快,态度也很好,谢谢"
1,挺不错的！
1,快递大叔人特别好。就是百度外卖现在连个优惠都那个少，真要投奔饿了么了。。。。
1,感觉没有在店里的好吃，感谢送餐师傅我们家六楼没电梯还得爬楼梯
1,菜场好，挺好吃的
1,快递小哥辛苦了！下雨天的真是辛苦您了！给你点赞！
1,相当好！送餐快，一大盒子超好吃！
1,"送餐特别快,送餐员态度也特别好"
1,速度快，量多，很香
1,味道很正点！餐具很好用！送餐速度快！
1,鱼豆腐有异味儿，有点腻。
1,非常好！第一次用百度外卖，送餐很快，快递小哥也很礼貌。菜品量足，味道不错，下次再来。
1,味道不错！
1,东西还可以，但是没有在店里吃的好吃
1,锅底怎么是13？
1,"很香,很好吃"
1,"很好,送餐员也很好"
1,菜量给的挺足的，很满意，就是墨鱼丸不太好，有股臭味，其他都很好吃。
1,不错好吃，就是最后有点油
1,一个小时送到的，很好吃，但是点了平菇怎么没给
0,"本来不错，汤里有只腻虫,伤得不行..."
0,绝对超过一小时，送餐垃圾，再好吃也白搭。
0,送的河粉不是肉丝炒河粉加卤蛋，给我改成排骨河粉，有点无语
0,"汤的味道还行,就是送餐小哥第一次来这边,用了很长时间"
0,不错，够辣
0,点的至尊肥牛，结果店家打电话来说至尊肥牛没了，换了个红烧牛肉。但是同宿舍的人同一时间定的至尊肥牛就有。不知道店家是什么意思。之前好几次都打电话让换，但是实际上有。
0,从来没有订过这么慢的的餐，直线距离不到800米，非下雨天，能给我送近2个小时
0,我的卤蛋去哪了？少了
0,特别慢，等了一个多小时。个人感觉不好吃
0,"一起订的两个,分两次送,行不行啊你们这餐馆"
0,送错而且花了1个半小时
0,以前定过好几次都挺好，今天巨慢不说，菜汤洒的哪里都是，恶心死了
0,服务态度很差，让人等将近两小时也就算了，还少送一样，给打电话送少送了，还说让等下次点时一起送，这么差的态度谁还点下次啊。凉拌米线也很难吃，感觉糊弄的态度，简直一个差字都不足以评价了
0,送了两个小时都打电话说取消了，还送来了，我狂晕
0,饭菜都凉的，一个多小时才送来
0,送餐少送一根烤肠
0,员工素质差，不虚心接受评价，认真改正，还给客户半夜三更打电话骚扰，还记录了认真给他们做出评价的客户，还打电话说一些不侮辱性的语言，还给客户发送黄色图片侮辱客户，太差了。没见过比这个餐厅素质更差的餐厅。有这样的员工迟早会关门大吉。
0,不到一公里路，10点58分下单，1点20到，下午上班了，才到，我无语
0,送餐太慢太慢
0,整整100分钟才送到。。。
0,有史以来最糟糕的一次外卖，下午5点下单，晚上8点才送到！期间我还打了10多个电话！只接了3个，全部都是敷衍搪塞的说辞！好不容易餐到了还要我自己冒雨走一大段路去取！希望百度不要再和这样的无良商家合作！
0,差点饿死我了
0,"基本都是肥肉，大概5~6片。有点咸，卤蛋就是乡巴佬袋装的，开始还以为是他们自己做的。,总体来说,很一般"
0,无语，再也不想买了，这速度。
0,饭很好，速度太慢慢慢!
0,1.我付完款，你们是4:50确认的订单，中间催单三次，7:10你们才送到，等了两个多小时啊，这也就算了，饭菜还全是凉的！！
0,送餐太慢，红烧牛肉面送成了凉拌面！
0,下雨天等了两个小时我还算可以理解，但是没有给我筷子，还有就是凉皮不知道是不是忘了放盐了，我不是重口味的人，但是凉皮一点咸味没有，吃着辣条把凉皮吃了一半，剩下的就扔掉了，下次不会再来了。
0,"菜的味道很不好,餐具太简陋,导致溢出全是油,而且送餐时间一个半小时也有点太长了"
0,下雨，面条送过来陀了。。。
0,大哥我的卤鸡蛋没送好不
0,饭菜挺好吃，送餐时侯慢点都把菜洒了，
0,太慢。。。1个半小时才送到。
0,等了两个多小时，虽然下雨，平时走路十分钟就到的距离。催了两次，根本就没给查，送来都是凉的。
0,从下单到送到整整一个半小时。菜都凉了，味道也很一般。
0,"只想说一句，做不起外卖就不要做外卖。我北科的，就问离这么近.你哪次1个小时之内送到过？打电话催单故意把电话不放好打不通电话一直转什么破小秘书，取消订单更是别谈.等尼玛送来都不饿了。干不起就不要来坑学生好吗？,配送时间超慢超慢，千万不要来这家"
0,只能说是被气饱的吧，昨天说会尽快，今天给送了2个多小时，呵
0,"外卖就是送到家啊,有一个小点的男生每次他送就喊到楼下拿。本来五分钟走着都到了今天竟然送了两个小时。"
0,饭还可以，但是足足等了两个小时。送餐员让路口取餐，结果我冒着雨在外面等了五分钟才过来。有史以来最差的一次送餐服务，非常无语
0,不错，希望品质如初！
0,希望品质如一!
0,不错，希望下次能快一点
0,烤肠忘给了
0,太慢，点两次都是一个小时后送到的，催单崔到手抽筋
0,态度太差！
0,送餐速度我真是服了，几分钟的路程，给我送了一个半小时
0,"速度太慢,等了两个小时,但是挺好吃的....."
0,两个半小时才送来，非常不满意！说什么停电两个小时，那停电你就别接单啊，我叫别家外卖也行啊，或者提前打电话解释一下也可以啊！
0,口味一般，送的太慢了，将近三个小时，午饭定了当晚饭刚好，，，
0,第一次遇到送餐能送这么久的。
0,怎么送的，菜都被压出来了
0,垃圾，等了两个小时才送到，都饿死了。再也不买了，垃圾
0,没有赠送，250ml统一多彩饮料（软装）1份
0,这家的送餐超慢，没有很好的耐性就不要定他家了
0,太难吃了，没味道，肉都没熟，速度还慢的要死。
0,"等吃的时候,已经没汤了,都干了"
0,咸死了，我真是怀疑厨师的水平！一个多小时才送来，米饭都是冷的！
0,好慢，感觉不咋干净，好多毛
0,味道不错，但送餐时间也太长了吧！！等了一个多小时
0,订的12：00送餐，12：50才送到，上班族中午时间有限，请商家以后工作再细心一点。红烧牛肉套餐土豆多可以理解，但牛肉太老了嚼不动，请改进。米饭量挺多的值得表扬。
0,太慢了！差评！
0,速度啊，要快点，都快被你们饿死了
0,送餐特别慢。等了快一个半小时。说好了有事有急事。还是等了好长时间
0,"味道一般般,不过送餐速度很快"
0,太慢了……等了127分钟
0,如果你说40分钟到，那就不要一个半小时，饭还是温的…成功易，守功难
0,绝对不会来你家了，一个面条送了俩小时。送来全部融了，这怎么吃。以前还经常叫，这是最后一次。
0,外卖小哥不送到指定地点，差评~
0,非常非常慢
0,送的软包饮料并没有送来，外卖小哥说一会儿给送也没有，希望可以补送
0,送餐速度不敢恭维
0,"不到200米的距离，等了半小时，是商家自认为自己已经很厉害到不会轻易满足顾客的需求了，好牛逼的商家，,我想说我只是个顾客，商家的态度我只能承受了，默默地评价一下了。祝商家不考虑顾客需求的时候，“生意越来越红火”"
0,太差了这么难吃为什么还要坑别人
0,"中午点的少给我饮料,下午点的少给我广味烤肠,备注补给中午的饮料也没给,我真是无语了，估计投诉百度外卖也不会理我吧"
0,送了2个小时，不给饮料。
0,菜很好吃，就是真的送了2个小时，还想着错过高峰期10点多一点就点了餐，结果……
0,"还行，小炒肉,就是不辣"
0,此次肉相对以前很少
0,送餐服务有待提高！！！味道不用说！晚了半小时！
0,"味道还可以,送餐速度超级快"
0,太差了，送来的饭菜汤都漏出来了，还不承认，太差劲了，饭放这就走了，太垃圾了
0,太次了，一个半小时了才送到，面都驼一起了，没法吃扔了，以后再也不定了
0,怎么个意思，送外卖的还管我几点订餐么，你可以不接单，还管到我了，什么态度
0,"分开了好难搞，本来就图个方便,搞这么麻烦"
0,新品，还贵，不是一般的难吃，全部扔掉。
0,等了好久好久。。。。
0,西红柿汤还行，就是感觉米线不是太精到！米线有待提升.
0,宫保鸡丁吃着一般，不太好吃，下次换别的口味！
0,送餐太慢，打电话摧态度比我硬
0,接电话那女的态度差的像借她家米还她家糠似的，女鬼似的凄厉，打两次电话两次如此，一直去他家吃饭，订餐，发誓没有第二次
0,"我真的是特么的服了这个送餐速度了,2个小时,我特么,催了1个多小时,东西还真挺特么好吃的,就是太特么慢了,以后大伙们想吃就去店里吧,定了肯定耽误事儿,今天我特么就认了"
0,"送餐速度一般一小时左右,等待太漫长啊,味道还不错"
0,送了快两小时才到！！
0,1、太辣。2、有花椒，不喜欢吃。3、粉条用筷子夹容易碎，用勺子又太长了。4、如果送一包醋，味道会好一些。
0,"21的至尊肥牛套餐,居然连饮料都没有,着实被图片坑伤"
0,"11:30,的餐，下午三点才送到.,还是打百度投诉的结婚！"
0,"我真服了,呵"
0,送的太慢了，送餐员连路都不认识。
0,"漏给了,2个半小时之后才拿到外卖,百度外卖真心渣"
0,汤汁全洒了
0,等了快两个小时，电话打不通，催单不管用，米线没豆花没配菜
0,番茄贡丸豆花米线以后请叫番茄贡丸米线，好吧？！想给零分差评！！！
0,番茄贡丸豆花米线以后请叫豆花米线，好吧？！想给零分差评！！！
0,豆花米线不给豆花！！！！！
0,饭菜不错，量足，但手机没信号就没接到电话，打电话过去服务员态度特别不好
0,神速啊。特么完了快一个小时，真牛逼
0,比预定时间晚到了一小时又15分钟，送餐员说找不到地方，拿回去换人再送，不会打电话问吗？？？？？我们这里每天送很多餐，就你找不到，猪脑袋！以后再也不定了
0,没什么味道！
0,"换过两次套餐,都是17换16,前后2次,2块钱,都没退"
0,说了要醋要蒜一样没给送，要两个卤蛋给了两根肠，也不打电话说一声，太不上心了吧？！
0,太慢了快要饿傻了。。
0,"整体还不错,就是太肥了,而且都凉了,送餐态度不好"
0,"面成了面疙瘩,全倒了"
0,味道也就那么回事吧，米线给的量好大，一半都没吃完
0,差差差，不到十一点定的，十二点半才到，整整脱了一个多小时。打电话说到楼下了，三十分钟也没上来，爬楼梯也十几分钟到了吧，
0,就那么几步路远等了一个小时！！菜还咸的要命真是醉了，再也不想来了
0,太慢了啊、
0,"送个北科大，500米,送了半年,够牛逼的"
0,我点的渝川番茄米线，口味一般，没有期望那么好。为了错开用餐高峰期，11点01分下的单，结果一个小时后没有到。一直催了N次单，店员总说送出来了。从小渝府到北科一共5分的路程，加上做的时间，送其他人餐的时间，怎么算也用不了三个半小时。不得不想点了餐，是不是去种菜种大米了！好好的生意也是会做黄的！经过几次交涉，餐送到。口味还一般，真不知道为什么小渝府有名的米线是怎么来的？刷的吗？这个样子，也就吃这一次了。
0,"11:46下的单，首次送达就是13:34，而且酱香排骨豆花米线仅有菜没有米线。,再次送达米线时已经14:10。,等个饭等了2个多小时。"
0,太慢，等了一个小时
0,"速度达不到40分钟,希望如实描述,。米线油多,倒进全部米线后会溢出饭盒,很不方便,希望换更大更高的饭盒"
0,面油有点大，汤洒了，送餐态度不咋滴
0,服务态度实在是受不起，十点二十点的餐，一点整送到，点的河粉都成一坨了！而且第一次打电话给商家，世纪就隔了一条马路的距离，店家居然告诉说你们那么远？！然后名正言顺的在点完餐2个半小时才到。更搞笑的是后来多次打电话居然根本全部打不通，你tn是屏蔽我了是吗！由于送餐的绝对及时，是在临上课前两分钟到的，于是，我们很愉快的中午定了份晚上的外卖！！要不是评等级最低给一星，我真是一个星都不想给！中午简直是气饱的。
0,速度很慢，我今天打电话催的时候，那边态度很差，我说那明天不点了。她说“可以”，电话撂了。
0,我点了一个蛋一根肠一份套餐！给我送来两份腌菜没有蛋！！
0,"送来时都坨了,没一点汤了"
0,"送饭的人都是脑残吗,能不能找个智商高点的来"
0,等了98分钟，面陀了。
0,没有也不告诉一声
0,垃圾，慢死了
0,送餐及时，菜量不小，足够饱。
0,菜都撒了，米都让菜汤泡了，比预计晚了20分钟，这次特别不满意
0,蒸蛋分量大
0,梅菜好多，海带味道怪怪的
0,"我订了广味烤肠,但没有给我送"
0,味道跟店里吃的完全不是一个样啊，送餐太慢，汤也凉了
0,我这是第一次订餐，也是最后一次了，送餐用了一个半小时
0,味道还好，送餐速度满了点，应该增加配送人员
0,"接电话服务员态度很恶劣,语气很差,说我们太远,下次不要在订餐时间叫餐,都在别人不吃饭的时候点餐,在她家点餐的朋友慎重,一般两个半小时送达"
0,史上最慢最差的外卖。等了两个小时，不能再差
0,科大这两步路送了一个多小时，啥也不说了，再也不见
0,实在太慢，送到的时候凉了，汤还洒出来了，说是量太多。。。。太多。。。。
0,"太慢了,十一点定的"
0,咸菜炒肉，很一般
0,订了两单，还分别送到了两个地方
0,"商家态度差,，送来的餐品全洒了"
0,商家态度差！说了备注忌口，也没按要求。
0,比约定时间晚了整整40分钟！问送餐员怎么晚那么久，居然说饭你要不要吧？！真么见过这样的，还没一点歉意。百度客服也就那么回事，形同虚设！
0,送来的太早，都不知道备注送达时间有什么意义！
0,店家真是操蛋，竟然给少送了一份，另一份12：20送到。
0,鸡块里一半是鸡脖子……
0,"送餐员,态度较差"
0,昨天忘了送鸡蛋，今天提醒了还是忘了
0,土豆有些硬，或许土豆比较陈
0,我的两颗卤蛋呢！！
0,少给了我一盒米饭
0,"菜里有花椒,，而且又吃到,塑料线了。。。。。。。。"
0,和在店里吃差距好多，米线都是碎的一段一段。还少，感觉是把剩下的碎料给我了，酸菜肉丝配菜更是没有看到，还得拎着饭盒去店里要
0,送餐速度真慢，送来的都是凉的，让人怎么吃
0,希望可以增加分量，明显分量少了许多，不要走下坡路，我是小俞府的忠实粉丝
0,没有年前分量多，在走下坡路
0,没有年前分量多了
0,可惜不能发照片，不然我一定会让别人看看筷子和纸在菜里的照片
0,店家根本不看备注内容，让给开发票也没给开！！！！
0,肥牛有点硬
0,我一度怀疑自己订的是拌面
0,送来的太晚，而且备注了不要辣，结果超辣
0,送来的太晚
0,要么就别搞减价，减价就给我减东西，汤都喝完了都没有看见一块肉，也是醉了
0,"说实话,不太喜欢口味,米线太多,汤料有点酸菜桶面的味道,反正不太喜欢"
0,少了两个蛋
0,以前的优惠已不再
0,少送了一瓶加多宝
0,"店里马上放假人手不足，等了一个半小时，终于送来了。,不过菜做的都比较咸，原来配的圆白菜没有了……换成了类似腐竹细丝但不能确定是什么的东西……还不如圆白菜爽口,红烧鱼块淀粉较多"
0,迟到了半小时
0,你们就是这样的吗。鸡汤是酸的，放了几天才给我们喝呀。妄我这么支持你家
0,订x后2小时才到
0,鸡汤很是失望掺了一半的水。订x后2个小时以后才到，让我的面泡糊了，吃了想吐。
0,第一次吃到这么多姜的鱼香肉丝，不好吃，另外送达延时
0,提前2小时定，迟了一个小时才送来
0,服务员态度死差，建议改革
0,饭还凑合，一直都订你家的，今天居然晚了1小时，打电话询问服务员还一副我欠她钱的样子，真是够了，哦，呵呵。地址离店走路也就20分钟，现在居然完1小时
0,晚到一小时
0,一个半小时才送到，催单态度还不好！
0,过节送餐人手紧，可以理解
0,"凉菜的盒子竖着放,凉菜都洒到包装袋里面了"
0,菜超级少！！
0,菜里全是汤洒了一袋子。。
0,饭不错，速度慢。
0,饭菜做的不错，送餐速度有些慢，要是能快些就好了
0,从下单，到配送，前后两个小时，多次打电话催，等了一个小时先是说送餐的人车坏了，回去换车，过了半个小时再催，又说换了个人送餐。又等半个小时，还没有送到，饿得不行了，就自己出去吃饭。两个小时才收到送餐员电话，结果告诉我他的地方还没对。本来是加班，想说订餐可以节约时间，结果可好，气死了，再说，饭菜做好了，即使两个小时送到了，还能吃吗？
0,时间太久，等了2小时了
0,鱼块味道一般，小咸菜味道不错，米饭有点多
0,河粉量很大，配汤略咸
0,"汤倒了,味道不错"
0,10:23下的单，提示卖家已经在准备了，11点左右打电话过去问，店家说正在准备打包，11点才送外卖，我说好吧，快点。11:26我取消订单。（我已经等了一个多小时了）11.34接到电话说，餐到了，我说都一个多小时了，我不要了，店家态度非常恶略，说胡说八道，哪有一小时！我说你回去看我的下单时间。对方就直接挂电话了。
0,口味还行，油较大
0,"特别慢,建议大家早上订晚上的饭,这样大概能准时送达,服务态度极差"
0,"慢的可以,服务态度极差"
0,"10点订的外卖,12点40送到,呵呵呵,这种外卖店还好意思送外卖我也是笑了,11点40打电话告诉我早出发了,12点10分打电话告诉我等等,12点45送到了你觉得我还要么？,电话服务是这样的,她说“你还要外卖么？不要我就挂电话了”,就这种服务态度,真不知道是怎么好意思做服务业的"
0,"不到500米距离,不算预定,送了两个多小时"
0,速度太慢，超出预定时间2小时才送到
0,今天这顿午餐吃得着实不爽，10点多订餐，要求12点到，结果迟到了40多分钟，1点就上班，还有时间吃饭吗？配送员竟然和我抱怨说这边太远了，这个理由太扯了吧。好吧，就不说菜汤都流的到处都是了，着急赶快吃完上班，一口菜进嘴里，一个比鱼刺还大还坚硬的塑料碎片卡在嗓子眼，估计是你们塑料勺碎了吧？怎么还掺在菜里面？幸好我及时取出，现在嗓子眼还疼着，物证还保留着。这种卫生，着实醉了。
0,压根儿没送到！！！
0,味道还可以，就是饭菜全凉了。。。本来11点前点的餐，硬是快到1点钟才送过来，我真是服了这送餐速度了。。简直刷新了我对于外卖服务印象的下限。
0,太慢了，以后不点这家了！都凉了
0,实惠、好吃！好慢啊……
0,东西差难吃，吃一半就给扔了，另送餐人员素质也不高，
0,没以前好吃了，还跟乌龟一样慢死了
0,少给我个爽口菜。打电话一直占线。今天给你扣5元，爽口菜钱
0,真垃圾，如果有负数就好了
0,米线都碎了！一股搜了的味道！！！怎么吃？
0,打电话给商家2次，太慢了。河粉夹不起来了，坨了，一碰就碎。味道也不好。再也不会订了
0,爽口菜吃出了烟头
0,量挺多的，味道很不怎么样！
0,"早送了半个小时，吃的时候都凉了,还少一根烤肠，强烈要求退款"
0,最难吃的一次，菜明显是剩下重做的，吃两口就扔了
0,点了两瓶啤酒就送了一瓶
0,饭还行，就是送的太慢
0,牛肉嚼不烂，肉比较死，豆芽水煮一样，说实话真的很一般！说的事实！
0,不会再点第三次了！！！
0,"晚了45分钟，套餐有半个卤蛋，但是没有饮料；,肥牛饭味道比较一般，但量很足（ps,配菜是豆芽菜，个人最不喜欢豆芽菜,赶上了……）"
0,吃不饱，量太少
0,1送餐时间非常不准，不管是提前送还是迟送，2西红柿鸡蛋太咸，打死卖盐的了，3买炸酱面也不送汤了
0,慢死了，气死了
0,等了五十分钟，受不了的龟速
0,送餐太慢太慢了，送来粉都坨了，备注写了不放葱，最后还是放了！
0,我的烤肠怎么没了！！！！！
0,不能更慢了
0,送的很慢，但是味道不错，可以再继续尝试，只是希望提高送餐速度
0,点这家三次了，每次都把东西洒出来，让人怎么吃呢！
0,都没送怎么就叫订单完成了？
0,送的好慢两点多给送到的，，什么事啊
0,等了几乎两个小时，和预估40分钟未免相差甚远？
0,"你确定11点10分是你送达,的时间？到12点半才来，菜还撒了，很无语。。。。"
0,除了米饭不好吃其他都还行
0,不好以后不回来了
0,热菜太少，这是冬天季节
0,菜不错，只是送餐服务不好，时间总是不准，公司离订餐的地方300米，送餐时间误差45分钟左右，我订12点送，有时11点10送来，有时12点45送过来，你提前送来面都坨了，怎么吃，什么玩意。
0,过了一个钟头，还是没送到
0,能不能到了再打电话，害的我非得在楼下等半天
0,宫保鸡丁只剩黄瓜了，比以前垃圾多了，不再爱了
0,"不错,量多。能吃饱"
0,平时每天迟到30分钟送达，今天选择11.:45，11点就送过来，是不是故意的。
0,这个时候我等得睡着了，做了个梦：餐到了
0,口味还行吧。。。就是送餐太慢太慢太慢了。。2个小时啊。。
0,"淡,只有咸味,前后差一两分钟定餐缺隔了半小时送了两次,还少带过来两根火腿,不过又给顺路退了一次钱还好"
0,经常吃，味觉无法识别了！
0,小渝府，不再爱了！
0,10点20下单，1点半还没有送到，只能取消订单。
0,实在是一般啦
0,送的太慢了，菜都凉了。
0,真心垃圾，今天中午又在这叫个外卖，等了一个多小时也没来，打电话想取消还不接，催单都催好几遍，一个多小时了你们是去种菜了吗？
0,太慢了，路程距离应该只需要5分钟就能到，但是用了这么久，饭菜都凉了
0,坦白说，饭菜挺好吃的。但是送餐太慢了，快2个小时才送到，送餐员也不容易。希望能多些送餐员配送。因为送餐时间太长非常影响用户体验！
0,乌鸡汤一块鸡肉都木有！！！！！
0,第一次见服务态度这么差的，点了一份套餐和一根烤肠，烤肠居然直接就没有送过来，送到的时候饭菜都凉了，也是我吃过的最难吃的梅菜扣肉，再也不订他家的了！！！
0,我点的是套餐，是不是应该有饮料？反正我没有。送餐时间太长了，差不多了要40多分钟
0,"我马上就要饿死了,跟我说马上就到,马上就到,这马是没吃草吗,下次别放那咸菜了,味道难闻的要死"
0,3份饭，一双筷子都没有。
0,太慢了、恶死了
0,慢慢慢慢慢，岂是一个慢能够形容的
0,别的暂不说，打了四五个电话，9点多定的餐2点了早已经上班了才到手里，你可以早点说送不到啊，送到当时真想不要这份饭，都不容易，想想没必要而已，欠一个解释，我想这也是最后一次订了。希望你们也要注意，类似的错误不容发生。
0,明明走路十分钟就可以到的地方，可是十点半之前订的餐，十二点半才送到，米线全都烂了，真是没法吃
0,"灌汤酥肉套餐,也许是我的味蕾坏了"
0,太差劲了，13:30才送到，晚了2个小时。谁这个点吃午饭啊？直接让他走人，以后再也不定这家了。
0,10点半下的11点半的单子，13点05才送到。。。
0,太慢了，等了两个多小时
0,辣死了，吃完整个人都不好了。。。
0,饭价随百度减免搜搜的涨………………
0,一个半小时才送到，图片上的饮料也没有，一点也不值21元。以后没有优惠卷活动了肯定不吃了。
0,送餐不带零钱还要自己出去换也是醉了
0,为什么没有饮料！！！！打电话说外卖就没有饮料，那你图片是干嘛用的呢。怎么不写里边说没有，这算欺骗吗?
0,外卖态度比较差。
0,叫了好多次你家的，这次送餐的态度特别差
0,比预期送餐时间晚一个多小时
0,不要了还显示送达？
0,"什么破东西啊，10点半定的,1点送到的"
0,菜品偏咸，味道也一般。打开包装里面菜汤全洒了。
0,"换成了酥肉套餐,不好吃。。都是肥肉"
0,广味烤肠漏送了！
0,菜里吃到塑料。。。。。。。这是什么情况！！！！
0,口味一般，送的太慢
0,送餐速度还行。味道惨不忍睹，就怕菜的味道太淡，特意点了宫保鸡丁，这居然都能做的那么淡，不咸不辣有点腥。以后估计不会点小渝府的外卖了。
0,此次送餐时间还算迅捷，可惜原来的20-13活动咋不继续了呢？
0,根本没有送
0,配菜变成包菜，差评！！
0,还行，配菜改成包菜了，差评！！！
0,这个饭几乎没有肉，竟然连土豆都很少，根本就是给人吃白米饭，还卖这么贵，根本不能忍。
0,非常难吃，鉴定完毕，不再从此家订餐了、
0,"都没有送到,还让我评价18:40订的,20点都没有看到饭~~~"
0,无论是外卖还是实体店，一直在支持小渝府，但又被无故取消订单了，还因此错过订餐的合适时间。作为老顾客很不开心。
0,"没送烤肠和卤蛋,餐厅电话打不通"
0,"口味不错，就是,时间有点久了，粉有点碎了，还有原来是一个卤蛋啊，我以为是两个！"
0,订了份蕨根粉和鸡蛋炒饼，蕨根粉特硬，中间还有硬结，就把上面黄瓜吃了，炒饼特多油还没味，后来没办法，吃了几口送的萝卜咸菜硬咽下去几口炒饼！
0,送餐太慢了，又是90分钟
0,除了慢，其他还错
0,"我住在北京科技大学里面,不到500米距离送了1个半小时。菜基本凉了,而且洒了一半,弄得我手上,钱包上,桌子上全是油。做的再好吃也是差评"
0,等了两个小时。。。。
0,说了希望多送点泡菜，结果连一点都没看到，
0,"还行,就是一个多小时才送达"
0,此单根本没有送达，打电话过去说没有做，都快两小时了，你告诉我没有做？垃圾垃圾。百度竟然还确认送到了，岂止是垃圾，简直就是垃圾
0,垃圾中的战斗机，几天之内定了三次餐，两次都超过一个半小时，打电话好多次才联系上，然后说订的餐没做或者找不到了。什么垃圾，接不了业务就别做这活，动不动让老子快两点才能吃上中午饭，坑爹呢。
0,完全凉了，而且我不知道送外卖你2块钱零钱都不准备吗？上次是100找不开，让我去楼上重新拿，呵呵，这次TM2快也找不开，等就等，饭菜全是凉的
0,面送来都成一团了。。。
0,比较多，女孩子吃不完
0,味道可以。
0,红烧排骨，来的全是笋子。店里面卖的怎么和送的差距这么大？弄不好外卖就别弄，又慢又坑、
0,可惜一直给的五星好评了。送外卖的伙计居然说以后不给我送了。理由是我们楼只有我一个叫餐的
0,连筷子都没放，菜很少
0,不知道是不是忘了放盐，肉很腻，味道不太好，小菜还是不错的
0,挺快的，但是味道不太好
0,"太慢了,花儿都谢了"
0,太慢。菜全洒了。
0,一般吧，套餐里的菜有点凉了
0,"太慢了，,总共300米的距离，,11点20订的，1点多才打电话告诉我到了。"
0,"挺搞笑啊,等了一个半钟头终于打电话通知我去取餐,然后送餐的竟然说等了我半个钟头了,下次这样我就拒收了"
0,我去，怎么写了个送达？？？根本
0,送的太慢了，真是气死人
0,很难吃，送的也慢，整整迟到了两个小时
0,菜不符！而且难吃
0,送餐速度太差，12点下的单子，下午2点还没有起送！还得我打电话催才给查询是否送餐了。害的我没吃上饭
0,送餐员态度很好，唯一不足是送餐时间较长
0,味道一般，面只有辣、麻，土豆丝没味道
0,夫妻肺片很腥，吃过的最难吃的夫妻肺片
0,强烈建议别买
0,菜太少了。。服务员服务超差
0,送餐时间平均为一个半小时，等两个小时纯属正常，各位可以试试
0,送了一个多小时，都凉了，不好吃
0,去你妈的，什么几把玩意，气死我了
0,好难吃，说是酥肉，其实都是大肥肉，味道也不行，第一次百度订餐，印象很差劲
0,"唉,送过来一份饭,都没地方放,里面的汤全撒出来了,直接扔了"
0,送餐速度很慢，菜量小，菜品也太差，根本对不起这个价钱。
0,送的不准时
0,送餐不准时
0,"我要的是酥肉套餐,，结果送的是扣肉。这怎么评价呢，扣肉味道还行吧。"
0,速度慢，第一次订餐就迟到，晕
0,送餐速度太慢，打电话想问问做了没，服务员的态度太差，竟然就喷顾客。所以以后都不会再订这家的
0,s送餐太慢
0,快点吧！饿了
0,太慢了，不过挺好吃，还有就是我拿错别人的了，亏了我5毛钱
0,同宿舍三个人一起点结果分三趟才送过来，等了两小时才送到，从来没见过那么扯淡的！
0,我的卤蛋没给。已经不是第一次少给东西了
0,比别人先定还比别人后到是什么原因？
0,比别人先定的还比别人后到是什么原因
0,"太慢了,慢的不行,而且外卖肉少的可怜"
0,差！！迟到一个多小时！！！！！！无力吐槽，减13了服务就跟不上了，搞活动干嘛？！！
0,晚了半个多小时，菜汤都撒了。。送餐员没到就给打电话说到了，结果又在楼下等送餐员。。。。服务太差！！！！差差差差差差差！！！！百度快变回减8块的活动吧，别减13了，根本就不保证服务质量
0,为什么里面的饮料没有图片上有，送达没有，而且还贵了2块钱！
0,凉菜量很小，味道不错，感觉不怎么实惠。
0,必须差评了，配送的不知道怎么搞得，餐盒都放不好，牛肚里的红油流的满塑料袋都是，看着这恶心！烤肠被压在河粉下面，让红油给串喂了，太次了。
0,下单确认后一刻钟才被告知没法做，我也没辙了…
0,饭还可以，速度太慢了，5分钟的路程，足足等了1个多小时
0,送餐没有原来快了
0,来的太慢！！！
0,太坑爹了。订完了一直是确认单。但是一直不给我送。二点了我同事去店里给我取说是卖没了。卖没了为什么不及时联系我。而且我的状态也还是确认状态。小俞府你已经坑爹两次了
0,"唉,太慢了"
0,太少，太难吃！！！
0,1个半小时才到
0,未按照约定时间送达
0,太慢！三个多小时
0,生生把中午饭送到了下午，将近2个小时，而且不止一两次，每次给机会，每次都如此，走路过去不到十分钟的事！等电梯的2分钟都要打电话催，一碗汤不如叫一口汤好了。差评，以后再也不订了。
0,如果你刚吃完，点这家没错的。如果你已经感觉到饿了，那换一家吧，我怕你撑不到餐来。。。
0,不要辣椒，为什么有呢，不是辣，是不能吃好不好！
0,"感觉还可以吧,味道一般"
0,两个小时才到，饿昏了。不过还是很好吃的。
0,"来这里吃过多次,这次接电话的服务员态度特别差,中午1点多下的单,订4点的外卖,打电话过去,服务员告诉我在那里吃过了,还一副都是我的错的样子,那态度都让人无语了！"
0,酸菜猪骨汤不好喝
0,送餐服务很差
0,太差，，，等了一小时四十分钟没送到，打电话联系不上，，，最糟心的一次。
0,太慢了，就不要了
0,以前很快，不知道这次怎么了，好慢。而且里面没有奥尔良，不知道是没有还是忘记加了，不是很满意。
0,他家没上百度外卖的时候感觉非常好，自从上了百度外卖以后送餐速度大幅下降，原来也就20多分钟就能送到，现在一个小时就算快的，要点大蒜次次忘，这已经是第四次了，饭送来都是凉的，哎等他们过完促销在看看吧，失望至极
0,送的太慢了，11:30左右下的单子，一点才到。都上班了
0,"送餐2个半小时,而且这个米线根本不值28,太不值了"
0,给我忘了三次了，今天又点了，居然都一点多了都没送，打电话都说已经在送了，都没核实是谁就说送了！后来要取消也取消不了，电话也打不通，饭也没给送，也没个说法。害的我中午没吃上饭！气死了！看情况就是把我的忘了的。
0,"1.图片与送餐不一致，套餐也没有说明；,2.米饭太硬；,3.送的晚；"
0,"送餐送的特别特别慢，并且店家电话也打不通、,真是等到抓狂。慢的要死，米线味道还不错，量也足。就是送餐太太太太太太慢、、"
0,送到的和预定是驴头不对马嘴
0,等了一个半小时还不送。电话是空号。呵呵了
0,一个多小时才送到，真是等不起啊
0,我点的凉菜，给我送一盒热的烂白菜
0,和店里点的水平差很多
0,人多有点慢，有点受不了，一等就是两个半小时。
0,蜗牛的速度
0,首先，定的是5点半的，结果4点多就打电话催着拿了。。人都没回来，放那等着凉啊？再者，要求把米线放进去（不放进去味道进不去），拿过来的时候根本很难放进去。。。。PS：送餐员很喜欢挂电话！！！
0,速度太慢了，等了近一个半小时。
0,差！！！！！！！送餐整整用了三个小时！！！一个办公室定了八份，竟然一份一份送！！没有能力接单就不要接，耽误别人的时间！
0,已经第三次给我漏单了，无语
0,单子打错了，少送了。
0,迟到了一个多小时
0,等了136分钟，催了无数次，要不是脚崴了走不了路我早就不要了。
0,送错了还不给换，垃圾！
0,这家店每次都是送餐巨慢！！
0,还是很慢，每次都很慢
0,菜还是不错的，就是实在是太慢！！十一点半点的，等到一点才送！！而且明明点了烤肠也没送
0,太气愤了，送餐送到小区门口，跟我说车没电了，进不来，要去自己拿，态度超级差，还和我嚷！
0,味道一般，送的太晚
0,里边的黄花菜比较少，基本就是黄瓜、肉片和胡萝卜，萝卜吃着还可以，包菜太淡无味，整体感觉一般吧！
0,饭菜味道不错，可能是比较忙吧，送过来较晚，另外就是保温有点差，菜不太热。
0,餐到现在都没送过来，打客服说取消不了；餐未送达，服务态度又不好。
0,这几天送餐越来越慢了，我11点十四分定的餐，将近两个小时才送到，菜品质量也越来越差
0,很好的饺子，可惜者了，怪太慢了
0,等了三个小时，还没有送到，只有退单了！
0,店子不错，但这个菜量太小，不值！
0,坑爹，一点不好吃，想被坑的就来点吧，这种店只会坑我一次，菜一点油都没，这种店注定不会长久。。
0,根本就没送到，距离才1000多米，一个多小时都没有送过来（打电话来），还自己确认收货。。。奸商，百度外卖都没有监管麽。。。
0,菜品口味还是一如既往，经常订餐，但是服务太差，态度极为不好，十点打电话说正在加工，催了三次菜，十一点四十给他打电话竟然说送不过来了，说远这边就我自己订餐，送不过来提前通知啊，我可以订其他的餐啊，希望可以改正，否则我们原先的几个老客不会再去光顾！！
0,虽然很划算，送餐速度也不错，但是不知道送餐的是不是没有保温措施，送来的时候饭菜已经比较凉了。如果愿意出门的话，还是去店里吃比较好。
0,根本就没给我送到，让我等一下午。
0,真的。。。不太好吃。。。大概只吃了十分之一的样子就吃不下去了。。。以后不会再定这个米线了
0,面不够劲道，煮时间偏长？
0,明明卤香鸡腿17元送到后19元，而且鸡腿上有头发。
0,味道不错。菜比较少。最重要的是！！！有一根米线里面有一个小虫子！！！如果米线是卖家自己做的麻烦注意下卫生好嘛！如果是进货买来的，麻烦挑家干净的吧！
0,太慢了。担心无法及时送到，特地提前三小时下单，最后还是延迟了40分钟，而且也没有提前通知，还是我打电话过去问的
0,今天速度慢了些，大概45分钟
0,味道还可以，但是送到时间也太长啦，十一点二十下的单，到下午一点半才送来，打电话打不通，打通就告诉已经出来啦，打了三四遍电话才给从新做了送过来，气愤呀
0,慢的无言以对
0,太久了！河粉汤全都被吸收了！坨了呢！不开心=_=
0,太慢啦！实在难以忍受
0,太黑了，居然涨价
0,好慢啊，等死我了
0,给商家打电话问下外卖的送递的时间，接电话的那个人太霸道了，吼起来了
0,太黑了，涨价了，改地方了
0,菜品质量不错，但是送餐速度太慢了，一个小时才送到，肚子都饿扁了
0,"还有比差评更差的评吗,小迂腐这名儿起的贴切,近两个小时不送,店家还失联,送来了打开一看一度以为送错了,红烧排骨套餐有一块排骨吗,这样的店还有存在的必要吗"
0,人太多就比较慢了，历时两个小时才到
0,一个半小时，太慢了！！！
0,特别慢，不好吃
0,除了速度慢都挺好
0,下次注意，希望不要再弄错了
0,根本不在配送范围，送餐不成功
0,"要的梅菜扣肉给的猪蹄子,"
0,晚了，都糟了
0,"米线给的太多了,吃不完"
0,没找到地方自己拿回去了，也不跟顾客说，等了两个小时，服务态度也差劲，千万不能在这家订。。送饭的还理直气壮的，说不关我的事，又不是我送的刚才，饭还是凉的，就让人收。。
0,今天送的慢，说我这边就一个外卖，然后送了快2小时。给客服打电话态度很差！
0,菜没熟，蒜台、青椒没熟。好难吃。
0,为什么我先订餐，同学后二三十分钟订餐，他还能先收到，你们这个是不是搞错了
0,梅干菜扣肉和豆腐丝小菜都特别的咸特别的咸，J咸，建议少放点盐，梅干菜扣肉如果能带出点甜味也许会中和下J咸的感觉。相较而言，米饭做的不错，就是量太大，满满一盒饭可以搭配三份菜了。
0,速度有待提高，一个多小时呀
0,等了好久好久，白菜变豆腐丝了，好郁闷
0,酸味还行，量也不错！！送太久了，都凉了。
0,满塑料袋的油，饮料上都是。
0,服务态度还不错，但是今天送货速度太慢了，都饿得发晕了。
0,"还行把,就是饮料到的时候给挤坏了，都撒了。没喝几口"
0,红烧牛肉肉不多。都是青笋
0,和同事一块下的订单，居然同事的先到了，这份晚了40分钟才到，太久了也
0,等了一个多小时，催两次单，不过客服态度还可以。
0,居然漏单，打开一看袋子单点的四喜丸子没送，要点辣椒也没给。太生气了
0,11点下的单，到了下午一点半还没送，两个半小时就算走路也走到了吧，打电话催了3次还不给送，还各种找借口。建议大家不要点他家的外卖，巨坑爹！！！
0,太差劲，等了92分钟居然还没送到，请问有没有职业道德，还讲不讲信誉！
0,巨慢无比，我催单，店家态度还很恶劣
0,丸子不好吃
0,第一次给差评，错开高峰期点餐还送这么慢。可乐直接放在装菜的格子里，可乐瓶上全是油，菜也弄脏了没法吃，饭菜也是凉的。无语，真想退了。
0,太差了，送餐等了一个半小时，送过来餐盒都露了，汤全洒了，大家不要订这的外卖，给店里打电话让我凑活这吃，卧槽，真是窝火
0,这次太慢了
0,木耳太不新鲜，吃完拉肚子了
0,10点50订的，12点半才送来，都凉了
0,一个小时四十分钟送来的。。怎么招都是太慢了。问题是电话也基本打不通，希望改进吧
0,晚了45分钟才送到。。。不过好吃是没挑的
0,说微辣，结果辣死了！
0,送了热汤，但是用普通塑料袋装的，不能喝啊，塑化剂了就！其他的不错
0,送外卖的态度差
0,为什么我的酸辣粉辣么辣
0,和同事一起订的他们都吃完了，我都饿晕了还没给送过来。。。
0,"味道一般,唯一好处,量大,送餐慢"
0,"第一次订还算快,之后越来越慢,这次竟然漏送了一小时后打电话催才开始送,好无奈"
0,说是米饭牛肉套餐居然没米饭只有菜。。我也是醉了。。。这文字功夫下得可真是足啊。。。欺骗消费者
0,肉实在太少了
0,味道不错，送的时间长了点
0,我现在修改一下。就在下午6点8分，我接到了小鱼府客服的电话，她通知我因为今天已经下过一次单了，所以无法再次享受减免活动。在我做出取消订单的决定之后，她说了一句，好，那你今天别吃饭了。我几乎很少给差评。但是这件事不好意思，接下来我要向百度投诉。请小鱼府注意查收
0,速度慢，换的汤太难喝了，咸，炒饼还好吧，总之一般般！
0,比预计送餐时间晚了40分钟，餐食也凉了，吃的不舒服。关键是师傅送的第一单地址离我这儿很近只有几百米，但是他选择无视，直接略过，在望京兜了一大圈直到我和客服联系催餐之后才送来。知道中午订单多，送餐师傅辛苦。但是合理规划路径很重要啊！！！
0,送货员很好，速度快态度好。螺狮粉实在…有股臭臭的味道，吃完胃难受了一晚上，吐出来才好受。
0,为什么会有一股冲天的腐臭味!那么多好评是水军刷出来的吗
0,"别的百度骑士都给送上楼,这个没有给送到楼上,没有就算了,态度也一般,就这样吧,粉吃起来的味道还是可以的,气味稍微有一点怪。。而且并没有见到螺丝,有点失望"
0,说好的加辣呢？知春里套餐送的饮料呢？我点的猪脚呢？订的外卖少了一大半！！！这配送素质真是给跪了！！
0,这次的凉了，很难吃，短期内不会再点
0,很难吃，还吃到紫色的塑料东西，恶心
0,送错了东西还有理了啊～错了就是错了，打电话告诉你们，你们道个歉就完了，女的接的电话不道歉态度特别恶略，很还这那那这的～实在是太恶心了！！！！！！
0,无语了，买四份豆泡来了只有一份，沟通之后就没消息了
0,"不好吃,粉,感觉不对,不够臭,哈哈哈"
0,辣得不正。快递催了两次。
0,点的中辣，送来的次次都是微辣，服了，难道每次都会看错么？
0,还真是水平有限
0,不知道什么味，特难闻，吃一口就都扔了，和包装袋有关系吧，哎
0,"怎么一股汽油味？难吃死了,食材也太差了,浪费钱"
0,送早了，米粉成坨坨了。。。
0,太差劲了！！！
0,朋友说今天的菜不新鲜还吃出了头发
0,没给发票啊~
0,我要的是中辣，给我送的是一点儿辣椒都没有！！！！
0,"送来的瞬间我就不想吃了,送餐员身上的味道太大了,唉,我都不好意思说"
0,要了俩卤蛋，送来才一个
0,什么叫小葱没有了…只给了一包，白醋也是一包，两个人根本不够好么？为何越来越小气？
0,12:30配送员给我电话告诉我他车子和餐都丢了！让我取消订单…我取消不了，电话百度外卖，客服说可以取消，会帮我操作。于是另外定了餐，正吃着呢，百度又来送餐了！不知道什么环节没沟通好，导致我今天中午面对两份外卖…呜呜呜，很差的体验是给百度外卖的！米粉很好吃！配送员态度也很好！
0,粉味道还可以，但是猪手居然是臭的，尼玛，臭的！皮还咬不动，能有点职业操守么
0,光觉得辣了，绿豆沙也比较一般
0,汤里有虫子，此生不买第二回
0,"等了2小时终于送到了。,然后订的青菜黄了，绿豆沙也撒了，汤也冷了，粉硬到拌不开。,有个超时赔付有什么用呢，能吃吗？还不是得倒掉。"
0,粉送淼r候已「唷雇炅耍跟米一樱唉，有些失望?
0,2点才送来！！
0,"汤还可以,粉一般,上次在店里吃就觉得好像不熟,这次外卖还没在店里好吃"
0,真的两个多小时！！！！
0,汤，粉和菜品应该用正规的餐盒装着，担心漏出来就在外面包上保鲜膜，其他家都这么做的。
0,差评，有送餐费还没饿了吗没有送餐费快。最后两分钟送到，这可是米粉不是米饭都已经没法吃了，你们自己吃吃看放了一个半小时的米粉会是怎样？
0,送餐很慢，等了一个多小时，竟然还送错了，餐厅和配送员都没有核对单子，价钱都差好多，最后让我对付吃吧，要不然就再等一个小时??
0,等了好久才送到~
0,螺蛳粉还是不错的，绿豆沙也很好喝，但是这送餐速度也太让人无语了吧，不说自己不认识路，还怪我们把地址写错，气人！
0,忍住没给一星……少送了鸭脚，店家承诺下次补送。粉里有毛发，眉毛那么长的，特别影响心情……希望能注意，谢了。
0,送的太慢啦，餐还没到呢订单怎么就完成啦
0,我十一点一刻点的餐，四点了才到。中饭变成了晚餐！！！！第一次！！！也是最后一次！！！不说了！！！都是泪！！！
0,就是时间稍微长些
0,我只想说，真的很慢，我们公司就在它对面，可是时间还是真的慢11点半订的餐，13点半才送到
0,我想说的是，正如评价说的，一点都不好吃！一送来，整个家都臭了，还有那个酸笋太难吃了！！！以前在桂林米粉吃的超好吃！这个一点酸味没有，而且感觉快坏了
0,没送到擅自点击送餐完成，近几次定餐配送都在一个半小时左右。
0,关于送餐，速度我已经无力吐槽了！！！一个半小时，一个半小时，一个半小时……
0,不喜欢这个口味儿
0,口味一般！蕨菜用塑料袋装的，感觉很不好，为什么不用小碗装呢？以后不会吃了
0,时间过长，最后也没有得到5折优惠啊！
0,单加的青菜里有根头发
0,点的超辣，结果是不辣的，而且等了一个多小时才到。真忍了。
0,完了两个小时，不能接受
0,水平有限没问题，但不应该少给东西啊！俺单点的鸭肠呢？
0,"太臭了,真的"
0,"快递小哥坚持送到位，表扬一下。,螺狮粉味道太一般。"
0,11点以前就定的餐，做了1小时48分钟，呵呵，我只想说：拜拜！！！
0,"外卖骑士将近两小时送到,而且还要我下去取餐"
0,"味道好一般哦,配料不丰富"
0,"恶心…要吐了…直接扔了,一万年才到。"
0,送了两个多小时！大家吃饭我工作，大家开工了，我端一碗臭臭的螺狮粉，想想什么感受吧！快递大哥态度很好不停道歉，只能说百度系统流程都太烂，不规划好路线两个小时十单都送不完，就是这结果。说说菜品，粉不错，鸭肠不好一股没处理好的味儿，鸭掌还行，绿豆汤送到都撒了一半。
0,少一个卤蛋
0,绿豆汤馊了！！！！！！我明天铁定拉肚子！
0,味道太不咋的了
0,"我能说我没有吃过这么。。。。算了一人一口味,等了一个多小时真的太失望了。第一次吃也是最后一次了。。。"
0,味道依然很好，送餐等了一个半小时…
0,"吃出一个毛发,和一堆不知道是什么的东西。。"
0,一个半小时送到，粉都砣在一起了，很无语
0,除了时间慢没别的不好
0,速度满，十一点四十下的单，一点半到的菜叶都是黄的，我也是醉了，送餐员满头大汗，我是心疼了
0,家里人说有股臭臭的味道~
0,送餐时间还是比较久
0,下了单说一个小时之后送，过了一个小时送餐员打电话又说晚15分钟，而且态度不好！味道也一般，跟小螺号比差远了，再也不点了
0,送餐太慢，导致粉都坨了
0,味道没店里的好。订单少送一个绿豆沙，发票的单子的价格也是错的，懒得再打电话，送了1个小时20分钟才送到，再也不吃他家外卖了
0,少了绿豆沙，最近是怎么了，钱都网上付了可老是少东西，外卖送来的的点菜单上就没打上绿豆沙
0,"太难吃,点了绿豆沙也没给我。。。坑"
0,粉很好吃，但是订了卤蛋却没有。
0,送了快两个钟头才到……
0,粉很好吃，就是配送员找不到位置还一直埋怨，送来时已经坨了！
0,"排骨不好吃～还都是色素～量少的可怜～58元的菜啊,只有七块排骨～一点味道没有～肉很干～坑死了！还招牌菜呢！真不怕砸了招牌！"
0,饺子本来味道不错，也不是第一次订了，但是这次这包装弄成这样太气人了，一种馅的饺子我要了好几份，竟然全都装在了一个盒里挤着，到我这的时候饺子都被挤的分不开了，拿筷子一夹就烂了，倒出来以后就是一个包装盒的形状，分都分不开，就不能多装一个盒子么，本来饺子这种东西就容易陀在一起，这么多饺子还挤在一个盒里，到了我这还能吃么
0,肉越来越少了，说是纯瘦，其实也有肥肉
0,送餐速度太慢了，几百米将近半个小时才送到，油泼面都没法吃了……很不满意
0,油泼面没熟，都是粘的，坨一大疙瘩了。
0,你们的菜品质量已经刷新新的下降高度，店家你们知道吗？这么好的地方美食你们忍心做成这样吗？
0,电话投诉三次没人理！！！百度服务太差！！！系统错误也没个说话，明明点了两份就送一份，半个月了，每次都说尽快回复，至今没接到过百度电话！！！
0,麻辣羊血不好吃
0,谢谢！速度很快辛苦了！
0,和以前的大不一样了，不怎么好吃
0,满三十为啥没优惠了。
0,连双筷子都没有，明明点的葡萄汁结果送来的是酸梅汤，也真是无语了！
0,不吃辣，都给的我们辣
0,鸡蛋都坏了，凉菜也洒了
0,差的无法形容，我花18元买的羊肉汤，结果拿来里面就一块肉。粉丝也就那么几根。从来没见过这么坑爹的商家了，简直像别人吃剩下的给我送来的？恶心的要命，卤蛋也是不新鲜的？这个好在没几元钱啊！等倒闭吧你们
0,外送员很赞，商家能不能仔细看订单啊！点的干拌面送来的是汤面，说了粉汤羊血要多加辣椒送来的一点儿辣没有！！
0,味道可以试试
0,不怎么地'，凉的，吃完恶心
0,"羊汤也太次了,哪有放油菜的,服了"
0,肉夹馍没送来，告诉我十分钟内送到，可是二十分钟了还没到
0,肉夹馍肉太少
0,以前几乎天天吃，现在调料什么都不放，
0,昨天订凉皮两份，什么调料都没有放，就放了点麻油，特别难吃，丢了一份，再也不想吃了
0,"凉皮太辣,吃不下都"
0,本来迟到了还自己点！！！
0,肉夹馍不错，羊肉泡馍酱肉包很一般。凉面没想象中好吃。送餐倒是很快。
